0,1,2,3,4,5,6,7
0.884745,0.995285,1.099472,1.187979,1.246461,1.252350,1.170487,41.263257
2.414934,2.375591,2.305406,2.196778,2.039527,1.819183,1.516056,116.803008
-0.448177,-0.424909,-0.375989,-0.290247,-0.155831,0.033435,0.259442,80.445986
-0.102833,-0.010926,0.105401,0.246566,0.407629,0.572009,0.699257,24.404221
-0.528705,-0.537373,-0.528147,-0.487402,-0.395960,-0.232528,0.008119,69.766069
-0.586153,-0.632268,-0.680806,-0.723912,-0.742395,-0.696775,-0.525943,10.762543
0.076560,0.184830,0.312150,0.455501,0.605919,0.742985,0.824918,12.050499
-0.594309,-0.651354,-0.725253,-0.826945,-0.980323,-1.243185,-1.751142,13.823812
0.185554,0.300000,0.429924,0.570723,0.711771,0.831322,0.887749,10.025647
0.608297,0.727680,0.848769,0.963269,1.057327,1.107733,1.076241,23.998914
-0.484931,-0.474701,-0.441276,-0.372155,-0.252335,-0.069863,0.165195,80.968859
-0.594102,-0.650535,-0.722040,-0.814461,-0.932616,-1.067222,-1.154250,35.352530
1.097878,1.196685,1.283646,1.349110,1.378833,1.351136,1.233318,55.321296
-0.591967,-0.644805,-0.707032,-0.776532,-0.841785,-0.867750,-0.777266,16.462370
-0.588217,-0.636491,-0.689169,-0.739759,-0.770596,-0.742368,-0.588773,10.003206
-0.594268,-0.651151,-0.724255,-0.822114,-0.957545,-1.141312,-1.342742,32.967735
-0.461453,-0.442660,-0.398959,-0.318684,-0.188889,-0.001473,0.228026,81.276224
-0.590470,-0.641349,-0.699310,-0.760019,-0.808613,-0.807197,-0.683020,11.880935
-0.401309,-0.363934,-0.299211,-0.197747,-0.051177,0.141007,0.353688,74.143126
-0.593797,-0.649575,-0.719108,-0.805892,-0.909062,-1.008331,-1.028589,31.570992
0.787107,0.901663,1.012596,1.110855,1.182172,1.203669,1.139072,34.903096
-0.592933,-0.647203,-0.712797,-0.789792,-0.870440,-0.924030,-0.871512,22.408653
2.234948,2.219731,2.174793,2.092064,1.960699,1.765278,1.484641,111.774623
1.213966,1.304833,1.381148,1.433206,1.446940,1.401242,1.264733,62.796819
-0.594298,-0.651291,-0.724879,-0.824791,-0.968372,-1.181206,-1.468404,27.296118
-0.521423,-0.526610,-0.512754,-0.466340,-0.368899,-0.200945,0.039534,73.035344
-0.363362,-0.316129,-0.240928,-0.129765,0.023284,0.215097,0.416518,67.115223
-0.591040,-0.642638,-0.702129,-0.765914,-0.820193,-0.827856,-0.714435,13.169059
-0.593678,-0.649225,-0.718117,-0.803199,-0.902194,-0.992420,-0.997173,30.027707
0.129300,0.240867,0.369771,0.512183,0.658276,0.786916,0.856334,10.642058
-0.556514,-0.580307,-0.592326,-0.579229,-0.519392,-0.383319,-0.148958,48.909842
-0.583517,-0.627090,-0.670960,-0.706001,-0.711796,-0.649281,-0.463112,13.330364
-0.535355,-0.547350,-0.542634,-0.507528,-0.422213,-0.263636,-0.023297,66.099416
0.027151,0.131757,0.256981,0.400637,0.554688,0.699528,0.793503,14.199859
-0.594046,-0.650350,-0.721444,-0.812622,-0.927291,-1.053212,-1.122835,34.804654
-0.019106,0.081521,0.204185,0.347552,0.504571,0.656547,0.762087,17.026572
-0.592659,-0.646503,-0.711067,-0.785705,-0.861370,-0.905745,-0.840096,20.363925
2.804520,2.708523,2.580748,2.414632,2.201380,1.928417,1.578887,124.319679
-0.433781,-0.405917,-0.351742,-0.260633,-0.121869,0.068817,0.290857,78.965182
-0.576000,-0.613183,-0.646050,-0.663292,-0.643009,-0.548596,-0.337450,23.820327
-0.594306,-0.651332,-0.725103,-0.825951,-0.974008,-1.206140,-1.562650,22.266672
-0.578207,-0.617163,-0.652994,-0.674886,-0.661185,-0.574479,-0.368866,20.574515
1.604102,1.661426,1.696583,1.700161,1.659094,1.554407,1.358979,85.530705
-0.062381,0.033999,0.153683,0.296208,0.455555,0.614040,0.730672,20.456037
-0.587249,-0.634489,-0.685161,-0.732083,-0.756789,-0.719809,-0.557358,10.163562
-0.594183,-0.650821,-0.723010,-0.817609,-0.942215,-1.093819,-1.217081,35.606239
3.236561,3.071427,2.875747,2.644050,2.368912,2.039551,1.641718,127.981014
-0.208781,-0.131253,-0.026860,0.107472,0.270262,0.448764,0.605011,38.416623
-0.573539,-0.608825,-0.638581,-0.651048,-0.624160,-0.522237,-0.306035,27.424298
0.526598,0.646979,0.771625,0.892720,0.996746,1.060477,1.044826,19.608744
-0.594288,-0.651237,-0.724626,-0.823642,-0.963473,-1.162209,-1.405573,30.393335
-0.594254,-0.651092,-0.724015,-0.821184,-0.954166,-1.130151,-1.311327,33.979537
-0.593896,-0.649875,-0.719987,-0.808351,-0.915526,-1.023766,-1.060004,32.897756
-0.239432,-0.166903,-0.066987,0.064261,0.226569,0.408632,0.573595,43.473796
0.695047,0.812519,0.929060,1.035966,1.119131,1.155464,1.107656,29.120409
-0.594308,-0.651349,-0.725210,-0.826613,-0.977881,-1.226800,-1.656896,17.551845
-0.294517,-0.232119,-0.141710,-0.017649,0.142257,0.329793,0.510764,53.550232
-0.594309,-0.651353,-0.725243,-0.826862,-0.979647,-1.238198,-1.719727,14.928321
-0.584914,-0.629808,-0.676080,-0.715225,-0.727401,-0.673265,-0.494527,11.815807
-0.546939,-0.565133,-0.569055,-0.545084,-0.472344,-0.324427,-0.086128,57.857593
1.749230,1.791691,1.809734,1.794190,1.732464,1.606413,1.390395,92.780590
-0.560644,-0.587015,-0.602871,-0.595089,-0.541789,-0.412052,-0.180374,44.365001
-0.418185,-0.385615,-0.326167,-0.229810,-0.086988,0.104675,0.322272,76.853504
0.988238,1.093565,1.189788,1.267382,1.312010,1.301506,1.201903,48.104895
-0.594213,-0.650930,-0.723398,-0.818943,-0.946513,-1.106404,-1.248496,35.319152
-0.140620,-0.053369,0.059265,0.198587,0.360779,0.530452,0.667841,28.779401
0.309386,0.428096,0.558158,0.693540,0.822224,0.921559,0.950580,11.304037
-0.594309,-0.651352,-0.725229,-0.826753,-0.978838,-1.232736,-1.688311,16.175197
3.714846,3.466424,3.191440,2.885435,2.542220,2.152585,1.704548,127.459569
-0.495269,-0.489113,-0.460720,-0.397251,-0.282749,-0.103346,0.133780,79.853765
-0.342104,-0.289850,-0.209488,-0.093779,0.061958,0.252854,0.447934,62.920376
-0.593367,-0.648354,-0.715751,-0.797053,-0.887199,-0.959175,-0.934342,26.425018
3.469676,3.264777,3.030941,2.763221,2.454838,2.095831,1.673133,128.252265
-0.594294,-0.651267,-0.724765,-0.824260,-0.966045,-1.171945,-1.436988,28.893266
0.449704,0.570253,0.697536,0.824277,0.937377,1.013696,1.013410,16.005411
-0.383065,-0.340797,-0.270817,-0.164409,-0.014424,0.177814,0.385103,70.878386
1.336813,1.418206,1.482400,1.519716,1.516344,1.451822,1.296149,70.408887
-0.319192,-0.261875,-0.176436,-0.056419,0.101612,0.291086,0.479349,58.370361
-0.594302,-0.651309,-0.724971,-0.825245,-0.970467,-1.189992,-1.499819,25.636543
-0.570800,-0.604060,-0.630560,-0.638130,-0.604626,-0.495403,-0.274620,31.339094
-0.589068,-0.638290,-0.692849,-0.746960,-0.783827,-0.764453,-0.620189,10.257757
-0.593978,-0.650132,-0.720762,-0.810590,-0.921598,-1.038726,-1.091419,33.982124
-0.551958,-0.573026,-0.581066,-0.562570,-0.496247,-0.354111,-0.117543,53.433182
-0.594308,-0.651345,-0.725184,-0.826437,-0.976765,-1.220388,-1.625481,19.041007
-0.592339,-0.645707,-0.709150,-0.781290,-0.851822,-0.886985,-0.808681,18.363930
0.377376,0.497343,0.626411,0.757898,0.879207,0.967390,0.981995,13.229063
-0.581946,-0.624091,-0.665423,-0.696218,-0.695566,-0.624822,-0.431697,15.304151
-0.541418,-0.556589,-0.556258,-0.526746,-0.447670,-0.294269,-0.054712,62.105241
1.466746,1.537001,1.587509,1.608686,1.587058,1.502877,1.327564,78.030137
